{
  "generated": "2026-03-25T11:39:58.565314+00:00",
  "data": {
    "AAOI": {
      "pe": null,
      "fpe": 35.62158,
      "peg": null,
      "ps": 19.413881,
      "pb": 11.639076,
      "rev_yoy": 0.339,
      "rev_fwd": 0.949,
      "hist_avg_pe": null,
      "eps_ttm": -0.64,
      "eps_next_q": -0.04833,
      "eps_cur_y": 0.815,
      "eps_next_y": 3.1975
    },
    "AXTI": {
      "pe": null,
      "fpe": 146.6561,
      "peg": null,
      "ps": 43.06158,
      "pb": 13.590152,
      "rev_yoy": -0.082,
      "rev_fwd": 0.42229998,
      "hist_avg_pe": null,
      "eps_ttm": -0.49,
      "eps_next_q": -0.046,
      "eps_cur_y": 0.004,
      "eps_next_y": 0.46667
    },
    "STX": {
      "pe": 48.072395,
      "fpe": 21.423273,
      "peg": 0.6352,
      "ps": 9.465283,
      "pb": 201.97717,
      "rev_yoy": 0.215,
      "rev_fwd": 0.24219999,
      "hist_avg_pe": 57.29,
      "eps_ttm": 8.84,
      "eps_next_q": 3.47092,
      "eps_cur_y": 13.02309,
      "eps_next_y": 19.83637
    },
    "BTC-USD": {
      "pe": null,
      "fpe": null,
      "peg": null,
      "ps": null,
      "pb": null,
      "rev_yoy": null,
      "rev_fwd": null,
      "hist_avg_pe": null,
      "eps_ttm": null,
      "eps_next_q": null,
      "eps_cur_y": null,
      "eps_next_y": null
    },
    "NVDA": {
      "pe": 35.68228,
      "fpe": 15.760569,
      "peg": 0.7104,
      "ps": 19.719715,
      "pb": 27.070456,
      "rev_yoy": 0.732,
      "rev_fwd": 0.29930001,
      "hist_avg_pe": 78.98,
      "eps_ttm": 4.91,
      "eps_next_q": 1.77513,
      "eps_cur_y": 8.29457,
      "eps_next_y": 11.11635
    },
    "AMD": {
      "pe": 78.68582,
      "fpe": 19.112328,
      "peg": 0.5974,
      "ps": 9.666489,
      "pb": 5.313583,
      "rev_yoy": 0.341,
      "rev_fwd": 0.4343,
      "hist_avg_pe": 189.02,
      "eps_ttm": 2.61,
      "eps_next_q": 1.27226,
      "eps_cur_y": 6.63741,
      "eps_next_y": 10.74542
    },
    "ASTS": {
      "pe": null,
      "fpe": 6266.571,
      "peg": null,
      "ps": 468.55167,
      "pb": 13.483181,
      "rev_yoy": 27.313,
      "rev_fwd": 3.3332999,
      "hist_avg_pe": null,
      "eps_ttm": -1.34,
      "eps_next_q": -0.20422,
      "eps_cur_y": -0.88708,
      "eps_next_y": 0.01388
    },
    "AVGO": {
      "pe": 62.16602,
      "fpe": 17.915136,
      "peg": 0.6773,
      "ps": 22.100992,
      "pb": 5.374614,
      "rev_yoy": 0.164,
      "rev_fwd": 0.4857,
      "hist_avg_pe": 119.18,
      "eps_ttm": 5.12,
      "eps_next_q": 2.38838,
      "eps_cur_y": 11.32074,
      "eps_next_y": 17.76654
    },
    "COHR": {
      "pe": 269.63367,
      "fpe": 36.681343,
      "peg": null,
      "ps": 8.111586,
      "pb": 5.97713,
      "rev_yoy": 0.175,
      "rev_fwd": 0.255,
      "hist_avg_pe": 391.96,
      "eps_ttm": 1.01,
      "eps_next_q": 1.38969,
      "eps_cur_y": 5.35134,
      "eps_next_y": 7.42421
    },
    "META": {
      "pe": 25.252129,
      "fpe": 16.525084,
      "peg": 0.9705,
      "ps": 7.4630733,
      "pb": 6.9050975,
      "rev_yoy": 0.238,
      "rev_fwd": 0.17860001,
      "hist_avg_pe": 36.32,
      "eps_ttm": 23.48,
      "eps_next_q": 6.60589,
      "eps_cur_y": 30.23667,
      "eps_next_y": 35.88
    },
    "GOOGL": {
      "pe": 26.892591,
      "fpe": 21.639793,
      "peg": 2.2604,
      "ps": 8.721795,
      "pb": 8.454575,
      "rev_yoy": 0.18,
      "rev_fwd": 0.1508,
      "hist_avg_pe": 21.19,
      "eps_ttm": 10.8,
      "eps_next_q": 2.60377,
      "eps_cur_y": 11.57025,
      "eps_next_y": 13.42157
    },
    "LITE": {
      "pe": 232.46086,
      "fpe": 53.53288,
      "peg": null,
      "ps": 27.200306,
      "pb": 67.63852,
      "rev_yoy": 0.655,
      "rev_fwd": 0.65459996,
      "hist_avg_pe": 295.6,
      "eps_ttm": 3.45,
      "eps_next_q": 2.26655,
      "eps_cur_y": 7.68966,
      "eps_next_y": 14.98126
    },
    "MU": {
      "pe": 18.657074,
      "fpe": 4.013644,
      "peg": 0.2585,
      "ps": 7.674816,
      "pb": 6.157355,
      "rev_yoy": 1.963,
      "rev_fwd": 0.503,
      "hist_avg_pe": 40.64,
      "eps_ttm": 21.2,
      "eps_next_q": 18.94729,
      "eps_cur_y": 57.93528,
      "eps_next_y": 98.54635
    },
    "NBIS": {
      "pe": 1044.6364,
      "fpe": -166.80699,
      "peg": null,
      "ps": 54.877655,
      "pb": 6.302309,
      "rev_yoy": 5.008,
      "rev_fwd": 1.9438001,
      "hist_avg_pe": 85.73,
      "eps_ttm": 0.11,
      "eps_next_q": -0.605,
      "eps_cur_y": -2.36406,
      "eps_next_y": -0.68888
    },
    "ORCL": {
      "pe": 26.40754,
      "fpe": 18.450434,
      "peg": 0.9468,
      "ps": 6.6021223,
      "pb": 12.608434,
      "rev_yoy": 0.217,
      "rev_fwd": 0.31120002,
      "hist_avg_pe": 75.49,
      "eps_ttm": 5.57,
      "eps_next_q": 1.9631,
      "eps_cur_y": 7.4504,
      "eps_next_y": 7.97217
    },
    "PLTR": {
      "pe": 245.68254,
      "fpe": 82.885735,
      "peg": 2.9798,
      "ps": 82.71435,
      "pb": 50.10683,
      "rev_yoy": 0.7,
      "rev_fwd": 0.4317,
      "hist_avg_pe": 1235.09,
      "eps_ttm": 0.63,
      "eps_next_q": 0.2793,
      "eps_cur_y": 1.32208,
      "eps_next_y": 1.86739
    },
    "SNDK": {
      "pe": null,
      "fpe": 8.007747,
      "peg": null,
      "ps": 11.612356,
      "pb": 10.179836,
      "rev_yoy": 0.612,
      "rev_fwd": 0.72220004,
      "hist_avg_pe": 45.57,
      "eps_ttm": -7.45,
      "eps_next_q": 13.93056,
      "eps_cur_y": 40.26781,
      "eps_next_y": 87.72505
    },
    "TSLA": {
      "pe": 357.97195,
      "fpe": 136.28876,
      "peg": 5.0182,
      "ps": 15.157012,
      "pb": 17.492352,
      "rev_yoy": -0.031,
      "rev_fwd": 0.1685,
      "hist_avg_pe": 420.38,
      "eps_ttm": 1.07,
      "eps_next_q": 0.40162,
      "eps_cur_y": 2.08035,
      "eps_next_y": 2.81043
    },
    "TSM": {
      "pe": 33.228462,
      "fpe": 19.115704,
      "peg": 1.1722,
      "ps": 0.4673779,
      "pb": 52.380367,
      "rev_yoy": 0.205,
      "rev_fwd": 0.23979999,
      "hist_avg_pe": 1.6,
      "eps_ttm": 10.33,
      "eps_next_q": 3.29729,
      "eps_cur_y": 14.53815,
      "eps_next_y": 17.95644
    },
    "SOXX": {
      "pe": 41.812737,
      "fpe": null,
      "peg": null,
      "ps": null,
      "pb": 0.8041179,
      "rev_yoy": null,
      "rev_fwd": null,
      "hist_avg_pe": null,
      "eps_ttm": null,
      "eps_next_q": null,
      "eps_cur_y": null,
      "eps_next_y": null
    },
    "WDC": {
      "pe": 28.481552,
      "fpe": 22.385546,
      "peg": 0.6896,
      "ps": 9.589042,
      "pb": 14.393974,
      "rev_yoy": null,
      "rev_fwd": 0.256,
      "hist_avg_pe": 31.52,
      "eps_ttm": 10.57,
      "eps_next_q": 2.35225,
      "eps_cur_y": 8.85487,
      "eps_next_y": 13.44841
    },
    "000660.KS": {
      "pe": null,
      "fpe": 4.3212814,
      "peg": 2.16,
      "ps": 7.071812,
      "pb": null,
      "rev_yoy": 0.661,
      "rev_fwd": 0.1831,
      "hist_avg_pe": 16.26,
      "eps_ttm": null,
      "eps_next_q": 37804.465,
      "eps_cur_y": 198567.08,
      "eps_next_y": null
    },
    "005930.KS": {
      "pe": null,
      "fpe": 6.579045,
      "peg": 0.2245,
      "ps": 3.7879112,
      "pb": null,
      "rev_yoy": 0.238,
      "rev_fwd": 0.12189999,
      "hist_avg_pe": 32.2,
      "eps_ttm": null,
      "eps_next_q": 4816.631,
      "eps_cur_y": 24987.16,
      "eps_next_y": null
    }
  }
}